{"cameraMode":{"drawMode":0,"name":"Shaded","section":"Shading Mode"},"sceneLighting":true,"audioPlay":false,"sceneViewState":{"m_AlwaysRefresh":false,"showFog":true,"showSkybox":true,"showFlares":true,"showImageEffects":true,"showParticleSystems":true,"showVisualEffectGraphs":true,"m_FxEnabled":true},"in2DMode":false,"pivot":{"x":11.912001609802246,"y":3.4001307487487795,"z":-10.61125659942627},"rotation":{"x":0.06562376767396927,"y":0.025173483416438104,"z":0.0016372863901779056,"w":-0.997520387172699},"size":6.918739318847656,"orthographic":false}